source_page,href,link_type,target,status
pricing.html,#main,external/special,#main,ok
pricing.html,/services/real-estate/visual-inspections/,internal,services/real-estate/visual-inspections/index.html,ok
pricing.html,/services/real-estate/visual-inspections/#book,internal,services/real-estate/visual-inspections/index.html,ok
pricing.html,tel:8589006163,external/special,tel:8589006163,ok
pricing.html,sms:+18589006163,external/special,sms:+18589006163,ok
pricing.html,/services/real-estate/roof-estimates/,internal,services/real-estate/roof-estimates/index.html,ok
pricing.html,/services/real-estate/roof-estimates/#book,internal,services/real-estate/roof-estimates/index.html,ok
pricing.html,tel:8589006163,external/special,tel:8589006163,ok
pricing.html,sms:+18589006163,external/special,sms:+18589006163,ok
pricing.html,/services/real-estate/roof-certifications/,internal,services/real-estate/roof-certifications/index.html,ok
pricing.html,/services/real-estate/roof-certifications/#book,internal,services/real-estate/roof-certifications/index.html,ok
pricing.html,tel:8589006163,external/special,tel:8589006163,ok
pricing.html,/services/roof-inspection/certified-roof-reports/,internal,services/roof-inspection/certified-roof-reports/index.html → /services/roof-inspection/,REWRITE_SUGGESTED
pricing.html,/services/roof-inspection/certified-roof-reports/#book,internal,services/roof-inspection/certified-roof-reports/index.html → /services/roof-inspection/,REWRITE_SUGGESTED
pricing.html,tel:8589006163,external/special,tel:8589006163,ok
pricing.html,/services/real-estate/verbal-opinions/,internal,services/real-estate/verbal-opinions/index.html,ok
pricing.html,tel:8589006163,external/special,tel:8589006163,ok
pricing.html,sms:+18589006163,external/special,sms:+18589006163,ok
pricing.html,/services/insurance/storm-damage-inspection/,internal,services/insurance/storm-damage-inspection/index.html → /services/,REWRITE_SUGGESTED
pricing.html,/services/insurance/storm-damage-inspection/#inspection,internal,services/insurance/storm-damage-inspection/index.html → /services/,REWRITE_SUGGESTED
pricing.html,tel:8589006163,external/special,tel:8589006163,ok
pricing.html,/services/residential/asphalt-shingles/,internal,services/residential/asphalt-shingles/index.html,ok
pricing.html,/services/residential/asphalt-shingles/#estimate,internal,services/residential/asphalt-shingles/index.html,ok
pricing.html,tel:8589006163,external/special,tel:8589006163,ok
pricing.html,/services/residential/tile-roof/,internal,services/residential/tile-roof/index.html,ok
pricing.html,/services/residential/tile-roof/#estimate,internal,services/residential/tile-roof/index.html,ok
pricing.html,tel:8589006163,external/special,tel:8589006163,ok
pricing.html,/services/roof-repairs/roof-tune-up/,internal,services/roof-repairs/roof-tune-up/index.html,ok
pricing.html,/services/roof-repairs/roof-tune-up/#estimate,internal,services/roof-repairs/roof-tune-up/index.html,ok
pricing.html,tel:8589006163,external/special,tel:8589006163,ok
pricing.html,/services/roof-repairs/tile-roof-repair/,internal,services/roof-repairs/tile-roof-repair/index.html,ok
pricing.html,/services/roof-repairs/tile-roof-repair/#estimate,internal,services/roof-repairs/tile-roof-repair/index.html,ok
pricing.html,tel:8589006163,external/special,tel:8589006163,ok
pricing.html,/services/residential/tpo/,internal,services/residential/tpo/index.html,ok
pricing.html,/services/residential/tpo/#estimate,internal,services/residential/tpo/index.html,ok
pricing.html,tel:8589006163,external/special,tel:8589006163,ok
pricing.html,/services/residential/torch-down/,internal,services/residential/torch-down/index.html,ok
pricing.html,/services/residential/torch-down/#estimate,internal,services/residential/torch-down/index.html,ok
pricing.html,tel:8589006163,external/special,tel:8589006163,ok
pricing.html,/services/residential/silicone/,internal,services/residential/silicone/index.html,ok
pricing.html,/services/residential/silicone/#estimate,internal,services/residential/silicone/index.html,ok
pricing.html,tel:8589006163,external/special,tel:8589006163,ok
pricing.html,/services/real-estate/satellite-imagery-analysis/,internal,services/real-estate/satellite-imagery-analysis/index.html,ok
pricing.html,/services/real-estate/satellite-imagery-analysis/#start,internal,services/real-estate/satellite-imagery-analysis/index.html,ok
pricing.html,tel:8589006163,external/special,tel:8589006163,ok
pricing.html,/services/gutters/,internal,services/gutters/index.html,ok
pricing.html,/services/gutters/#estimate,internal,services/gutters/index.html,ok
pricing.html,tel:8589006163,external/special,tel:8589006163,ok
pricing.html,/services/roof-inspection/,internal,services/roof-inspection/index.html,ok
pricing.html,/services/roof-inspection/#free,internal,services/roof-inspection/index.html,ok
pricing.html,tel:8589006163,external/special,tel:8589006163,ok
pricing.html,/services/roof-inspection/#letter,internal,services/roof-inspection/index.html,ok
pricing.html,/services/roof-inspection/#letter,internal,services/roof-inspection/index.html,ok
pricing.html,tel:8589006163,external/special,tel:8589006163,ok
pricing.html,/services/roof-inspection/certified-roof-reports/,internal,services/roof-inspection/certified-roof-reports/index.html → /services/roof-inspection/,REWRITE_SUGGESTED
pricing.html,/services/roof-inspection/certified-roof-reports/,internal,services/roof-inspection/certified-roof-reports/index.html → /services/roof-inspection/,REWRITE_SUGGESTED
pricing.html,tel:8589006163,external/special,tel:8589006163,ok
pricing.html,tel:8589006163,external/special,tel:8589006163,ok
pricing.html,sms:+18589006163,external/special,sms:+18589006163,ok
pricing.html,#quote,external/special,#quote,ok
reviews/index.html,"https://www.google.com/search?q=Zenith+Roofing+Services#lrd=0x0:0x0,1",external/special,"https://www.google.com/search?q=Zenith+Roofing+Services#lrd=0x0:0x0,1",ok
reviews/index.html,https://www.yelp.com/biz/zenith-roofing-services-escondido,external/special,https://www.yelp.com/biz/zenith-roofing-services-escondido,ok
reviews/index.html,https://www.guildquality.com/pro/zenith-roofing-services,external/special,https://www.guildquality.com/pro/zenith-roofing-services,ok
reviews/index.html,https://www.owenscorning.com/en-us/roofing/contractors/contractor-profile/230828,external/special,https://www.owenscorning.com/en-us/roofing/contractors/contractor-profile/230828,ok
reviews/index.html,tel:8589006163,external/special,tel:8589006163,ok
reviews/index.html,sms:+18589006163,external/special,sms:+18589006163,ok
reviews/index.html,/services/roof-inspection/#free,internal,services/roof-inspection/index.html,ok
reviews/index.html,${r.permalink},internal,reviews/${r.permalink} → /reviews/,REWRITE_SUGGESTED
components/header-section.html,/#home,internal,index.html,ok
components/header-section.html,tel:8589006163,external/special,tel:8589006163,ok
components/header-section.html,/,internal,index.html,ok
components/header-section.html,/projects/,internal,projects/index.html,ok
components/header-section.html,/services/,internal,services/index.html,ok
components/header-section.html,/services/roof-repairs/,internal,services/roof-repairs/index.html,ok
components/header-section.html,/services/roof-repairs/roof-tune-up/,internal,services/roof-repairs/roof-tune-up/index.html,ok
components/header-section.html,/services/roof-repairs/tile-roof-repair/,internal,services/roof-repairs/tile-roof-repair/index.html,ok
components/header-section.html,/services/roof-repairs/clay-tile-roof-repair/,internal,services/roof-repairs/clay-tile-roof-repair/index.html,ok
components/header-section.html,/services/roof-repairs/slate-roof-repair/,internal,services/roof-repairs/slate-roof-repair/index.html,ok
components/header-section.html,/services/roof-repairs/shingles-roof-repair/,internal,services/roof-repairs/shingles-roof-repair/index.html,ok
components/header-section.html,/services/roof-repairs/flat-roof-repair/,internal,services/roof-repairs/flat-roof-repair/index.html,ok
components/header-section.html,/services/roof-repairs/skylight-repair/,internal,services/roof-repairs/skylight-repair/index.html,ok
components/header-section.html,/services/roof-repairs/broken-tile-replacement/,internal,services/roof-repairs/broken-tile-replacement/index.html,ok
components/header-section.html,/services/roof-repairs/roof-cleaning-maintenance/,internal,services/roof-repairs/roof-cleaning-maintenance/index.html,ok
components/header-section.html,/services/roof-replacement/pitched-roof/,internal,services/roof-replacement/pitched-roof/index.html,ok
components/header-section.html,/services/roof-replacement/pitched-roof/,internal,services/roof-replacement/pitched-roof/index.html,ok
components/header-section.html,/services/roof-replacement/flat-roof/,internal,services/roof-replacement/flat-roof/index.html,ok
components/header-section.html,/services/roof-replacement/not-sure/,internal,services/roof-replacement/not-sure/index.html,ok
components/header-section.html,/services/insurance-claims/,internal,services/insurance-claims/index.html,ok
components/header-section.html,/services/insurance-claims/,internal,services/insurance-claims/index.html,ok
components/header-section.html,/services/insurance-claims/storm-damage/,internal,services/insurance-claims/storm-damage/index.html,ok
components/header-section.html,/services/insurance-claims/emergency-tarping-dry-in/,internal,services/insurance-claims/emergency-tarping-dry-in/index.html,ok
components/header-section.html,/services/insurance-claims/adjuster-support/,internal,services/insurance-claims/adjuster-support/index.html,ok
components/header-section.html,/services/insurance-claims/faq/,internal,services/insurance-claims/faq/index.html,ok
components/header-section.html,/services/residential/,internal,services/residential/index.html,ok
components/header-section.html,/services/residential/asphalt-shingles/,internal,services/residential/asphalt-shingles/index.html,ok
components/header-section.html,/services/residential/torch-down/,internal,services/residential/torch-down/index.html,ok
components/header-section.html,/services/residential/tile-roof/,internal,services/residential/tile-roof/index.html,ok
components/header-section.html,/services/residential/tile-lift-lay/,internal,services/residential/tile-lift-lay/index.html,ok
components/header-section.html,/services/residential/tpo/,internal,services/residential/tpo/index.html,ok
components/header-section.html,/services/residential/silicone/,internal,services/residential/silicone/index.html,ok
components/header-section.html,/services/residential/leak-repair-troubleshooting/,internal,services/residential/leak-repair-troubleshooting/index.html,ok
components/header-section.html,/services/residential/preventive-maintenance/,internal,services/residential/preventive-maintenance/index.html,ok
components/header-section.html,/services/residential/roof-washing-moss-removal/,internal,services/residential/roof-washing-moss-removal/index.html,ok
components/header-section.html,/services/commercial/,internal,services/commercial/index.html,ok
components/header-section.html,/services/commercial/tpo/,internal,services/commercial/tpo/index.html,ok
components/header-section.html,/services/commercial/shingle-systems/,internal,services/commercial/shingle-systems/index.html,ok
components/header-section.html,/services/commercial/tile-roofing/,internal,services/commercial/tile-roofing/index.html,ok
components/header-section.html,/services/commercial/metal/,internal,services/commercial/metal/index.html,ok
components/header-section.html,/services/commercial/pvc/,internal,services/commercial/pvc/index.html,ok
components/header-section.html,/services/commercial/torch-down/,internal,services/commercial/torch-down/index.html,ok
components/header-section.html,/services/commercial/silicone-coatings/,internal,services/commercial/silicone-coatings/index.html,ok
components/header-section.html,/services/commercial/roof-asset-maintenance/,internal,services/commercial/roof-asset-maintenance/index.html,ok
components/header-section.html,/services/commercial/debris-removal-cleaning/,internal,services/commercial/debris-removal-cleaning/index.html,ok
components/header-section.html,/services/gutters/,internal,services/gutters/index.html,ok
components/header-section.html,/services/real-estate/,internal,services/real-estate/index.html,ok
components/header-section.html,/services/real-estate/roof-reports/,internal,services/real-estate/roof-reports/index.html,ok
components/header-section.html,/services/real-estate/roof-estimates/,internal,services/real-estate/roof-estimates/index.html,ok
components/header-section.html,/services/real-estate/visual-inspections/,internal,services/real-estate/visual-inspections/index.html,ok
components/header-section.html,/services/real-estate/roof-certifications/,internal,services/real-estate/roof-certifications/index.html,ok
components/header-section.html,/services/real-estate/insurance-consulting/,internal,services/real-estate/insurance-consulting/index.html,ok
components/header-section.html,/services/real-estate/verbal-opinions/,internal,services/real-estate/verbal-opinions/index.html,ok
components/header-section.html,/services/real-estate/satellite-imagery-analysis/,internal,services/real-estate/satellite-imagery-analysis/index.html,ok
components/header-section.html,/services/roof-inspection/,internal,services/roof-inspection/index.html,ok
components/header-section.html,/pricing.html,internal,pricing.html,ok
components/header-section.html,/reviews/,internal,reviews/index.html,ok
components/header-section.html,/about/,internal,about/index.html,ok
components/header-section.html,/blog/,internal,blog/index.html,ok
components/header-section.html,/glossary/,internal,glossary/index.html,ok
components/header-section.html,/contact/,internal,contact/index.html,ok
components/header-section.html,/youtube/,internal,youtube/index.html,ok
components/header-section.html,tel:8589006163,external/special,tel:8589006163,ok
components/header-section.html,tel:8589006163,external/special,tel:8589006163,ok
components/header-section.html,/,internal,index.html,ok
components/header-section.html,/projects/,internal,projects/index.html,ok
components/header-section.html,/services/roof-repairs/tile-roof-repair/,internal,services/roof-repairs/tile-roof-repair/index.html,ok
components/header-section.html,/services/roof-repairs/clay-tile-roof-repair/,internal,services/roof-repairs/clay-tile-roof-repair/index.html,ok
components/header-section.html,/services/roof-repairs/slate-roof-repair/,internal,services/roof-repairs/slate-roof-repair/index.html,ok
components/header-section.html,/services/roof-repairs/shingles-roof-repair/,internal,services/roof-repairs/shingles-roof-repair/index.html,ok
components/header-section.html,/services/roof-repairs/flat-roof-repair/,internal,services/roof-repairs/flat-roof-repair/index.html,ok
components/header-section.html,/services/roof-repairs/skylight-repair/,internal,services/roof-repairs/skylight-repair/index.html,ok
components/header-section.html,/services/roof-repairs/broken-tile-replacement/,internal,services/roof-repairs/broken-tile-replacement/index.html,ok
components/header-section.html,/services/roof-repairs/roof-cleaning-maintenance/,internal,services/roof-repairs/roof-cleaning-maintenance/index.html,ok
components/header-section.html,/services/roof-repairs/roof-tune-up/,internal,services/roof-repairs/roof-tune-up/index.html,ok
components/header-section.html,/services/roof-replacement/pitched-roof/,internal,services/roof-replacement/pitched-roof/index.html,ok
components/header-section.html,/services/roof-replacement/flat-roof/,internal,services/roof-replacement/flat-roof/index.html,ok
components/header-section.html,/services/roof-replacement/not-sure/,internal,services/roof-replacement/not-sure/index.html,ok
components/header-section.html,/services/insurance-claims/,internal,services/insurance-claims/index.html,ok
components/header-section.html,/services/insurance-claims/storm-damage/,internal,services/insurance-claims/storm-damage/index.html,ok
components/header-section.html,/services/insurance-claims/emergency-tarping-dry-in/,internal,services/insurance-claims/emergency-tarping-dry-in/index.html,ok
components/header-section.html,/services/insurance-claims/adjuster-support/,internal,services/insurance-claims/adjuster-support/index.html,ok
components/header-section.html,/services/insurance-claims/faq/,internal,services/insurance-claims/faq/index.html,ok
components/header-section.html,/services/residential/asphalt-shingles/,internal,services/residential/asphalt-shingles/index.html,ok
components/header-section.html,/services/residential/torch-down/,internal,services/residential/torch-down/index.html,ok
components/header-section.html,/services/residential/tile-roof/,internal,services/residential/tile-roof/index.html,ok
components/header-section.html,/services/residential/tile-lift-lay/,internal,services/residential/tile-lift-lay/index.html,ok
components/header-section.html,/services/residential/tpo/,internal,services/residential/tpo/index.html,ok
components/header-section.html,/services/residential/silicone/,internal,services/residential/silicone/index.html,ok
components/header-section.html,/services/residential/leak-repair-troubleshooting/,internal,services/residential/leak-repair-troubleshooting/index.html,ok
components/header-section.html,/services/residential/preventive-maintenance/,internal,services/residential/preventive-maintenance/index.html,ok
components/header-section.html,/services/residential/roof-washing-moss-removal/,internal,services/residential/roof-washing-moss-removal/index.html,ok
components/header-section.html,/services/commercial/tpo/,internal,services/commercial/tpo/index.html,ok
components/header-section.html,/services/commercial/shingle-systems/,internal,services/commercial/shingle-systems/index.html,ok
components/header-section.html,/services/commercial/tile-roofing/,internal,services/commercial/tile-roofing/index.html,ok
components/header-section.html,/services/commercial/metal/,internal,services/commercial/metal/index.html,ok
components/header-section.html,/services/commercial/pvc/,internal,services/commercial/pvc/index.html,ok
components/header-section.html,/services/commercial/torch-down/,internal,services/commercial/torch-down/index.html,ok
components/header-section.html,/services/commercial/silicone-coatings/,internal,services/commercial/silicone-coatings/index.html,ok
components/header-section.html,/services/commercial/roof-asset-maintenance/,internal,services/commercial/roof-asset-maintenance/index.html,ok
components/header-section.html,/services/commercial/debris-removal-cleaning/,internal,services/commercial/debris-removal-cleaning/index.html,ok
components/header-section.html,/services/gutters/,internal,services/gutters/index.html,ok
components/header-section.html,/services/real-estate/roof-reports/,internal,services/real-estate/roof-reports/index.html,ok
components/header-section.html,/services/real-estate/roof-estimates/,internal,services/real-estate/roof-estimates/index.html,ok
components/header-section.html,/services/real-estate/visual-inspections/,internal,services/real-estate/visual-inspections/index.html,ok
components/header-section.html,/services/real-estate/roof-certifications/,internal,services/real-estate/roof-certifications/index.html,ok
components/header-section.html,/services/real-estate/insurance-consulting/,internal,services/real-estate/insurance-consulting/index.html,ok
components/header-section.html,/services/real-estate/verbal-opinions/,internal,services/real-estate/verbal-opinions/index.html,ok
components/header-section.html,/services/real-estate/satellite-imagery-analysis/,internal,services/real-estate/satellite-imagery-analysis/index.html,ok
components/header-section.html,/services/roof-inspection/,internal,services/roof-inspection/index.html,ok
components/header-section.html,/pricing.html,internal,pricing.html,ok
components/header-section.html,/reviews/,internal,reviews/index.html,ok
components/header-section.html,/about/,internal,about/index.html,ok
components/header-section.html,/blog/,internal,blog/index.html,ok
components/header-section.html,/glossary/,internal,glossary/index.html,ok
components/header-section.html,/contact/,internal,contact/index.html,ok
components/header-section.html,/youtube/,internal,youtube/index.html,ok
components/why-choose-section.html,/contact,internal,contact/index.html,ok
components/why-choose-section.html,/reviews,internal,reviews/index.html,ok
components/photo-section.html,/projects,internal,projects/index.html,ok
components/photo-section.html,/contact,internal,contact/index.html,ok
components/real-estate.html,contact.html,internal,components/contact.html → /contact/,REWRITE_SUGGESTED
components/cta-section.html,tel:+18589006163,external/special,tel:+18589006163,ok
components/cta-section.html,#estimate,external/special,#estimate,ok
components/testimonial-section.html,/reviews,internal,reviews/index.html,ok
components/estimate-form.html,#real-estate,external/special,#real-estate,ok
components/footer.html,tel:8589006163,external/special,tel:8589006163,ok
components/footer.html,#estimate,external/special,#estimate,ok
components/footer.html,/,internal,index.html,ok
components/footer.html,tel:8589006163,external/special,tel:8589006163,ok
components/footer.html,#estimate,external/special,#estimate,ok
components/footer.html,https://www.instagram.com/zenithroofingservices_ca/?hl=en,external/special,https://www.instagram.com/zenithroofingservices_ca/?hl=en,ok
components/footer.html,https://www.facebook.com/zenithroofingservicesca/,external/special,https://www.facebook.com/zenithroofingservicesca/,ok
components/footer.html,https://www.owenscorning.com/en-us/roofing/contractors/contractor-profile/230828,external/special,https://www.owenscorning.com/en-us/roofing/contractors/contractor-profile/230828,ok
components/footer.html,https://share.google/5hObHe0NZpdu8wbaO,external/special,https://share.google/5hObHe0NZpdu8wbaO,ok
components/footer.html,https://www.angi.com/companylist/us/ca/escondido/zenith-roofing-services-inc-reviews-1.htm,external/special,https://www.angi.com/companylist/us/ca/escondido/zenith-roofing-services-inc-reviews-1.htm,ok
components/footer.html,https://www.yelp.com/biz/zenith-roofing-services-escondido,external/special,https://www.yelp.com/biz/zenith-roofing-services-escondido,ok
components/footer.html,https://www.guildquality.com/pro/zenith-roofing-services,external/special,https://www.guildquality.com/pro/zenith-roofing-services,ok
components/footer.html,https://directorii.com/us/ca/escondido/zenith-roofing-services-reviews-191/?country=us&state=ca&city=fallbrook&category=roofing,external/special,https://directorii.com/us/ca/escondido/zenith-roofing-services-reviews-191/?country=us&state=ca&city=fallbrook&category=roofing,ok
components/footer.html,/,internal,index.html,ok
components/footer.html,/#projects,internal,index.html,ok
components/footer.html,/#reviews,internal,index.html,ok
components/footer.html,/#about,internal,index.html,ok
components/footer.html,/#contact,internal,index.html,ok
components/footer.html,/blog/,internal,blog/index.html,ok
components/footer.html,/glossary.html,internal,glossary.html → /glossary/,REWRITE_SUGGESTED
components/footer.html,/services/residential.html,internal,services/residential.html → /services/,REWRITE_SUGGESTED
components/footer.html,/services/tile-lift-and-lay.html,internal,services/tile-lift-and-lay.html → /services/,REWRITE_SUGGESTED
components/footer.html,/services/repairs.html,internal,services/repairs.html → /services/,REWRITE_SUGGESTED
components/footer.html,/services/tpo.html,internal,services/tpo.html → /services/,REWRITE_SUGGESTED
components/footer.html,/services/torch-down.html,internal,services/torch-down.html → /services/,REWRITE_SUGGESTED
components/footer.html,/services/silicone-coatings.html,internal,services/silicone-coatings.html → /services/,REWRITE_SUGGESTED
components/footer.html,/services/gutters.html,internal,services/gutters.html → /services/,REWRITE_SUGGESTED
components/footer.html,/services/real-estate.html,internal,services/real-estate.html → /services/,REWRITE_SUGGESTED
components/footer.html,/service-areas/escondido.html,internal,service-areas/escondido.html → /,REWRITE_SUGGESTED
components/footer.html,/service-areas/temecula.html,internal,service-areas/temecula.html → /,REWRITE_SUGGESTED
components/footer.html,/service-areas/san-marcos.html,internal,service-areas/san-marcos.html → /,REWRITE_SUGGESTED
components/footer.html,/service-areas/vista.html,internal,service-areas/vista.html → /,REWRITE_SUGGESTED
components/footer.html,/service-areas/carlsbad.html,internal,service-areas/carlsbad.html → /,REWRITE_SUGGESTED
components/footer.html,/service-areas/oceanside.html,internal,service-areas/oceanside.html → /,REWRITE_SUGGESTED
components/footer.html,/service-areas/poway.html,internal,service-areas/poway.html → /,REWRITE_SUGGESTED
components/footer.html,/service-areas/rancho-bernardo.html,internal,service-areas/rancho-bernardo.html → /,REWRITE_SUGGESTED
components/footer.html,/service-areas/fallbrook.html,internal,service-areas/fallbrook.html → /,REWRITE_SUGGESTED
components/footer.html,/service-areas/murrieta.html,internal,service-areas/murrieta.html → /,REWRITE_SUGGESTED
components/footer.html,/service-areas/menifee.html,internal,service-areas/menifee.html → /,REWRITE_SUGGESTED
components/footer.html,/privacy.html,internal,privacy.html → /,REWRITE_SUGGESTED
components/footer.html,/terms.html,internal,terms.html → /,REWRITE_SUGGESTED
components/footer.html,/sitemap.xml,internal,sitemap.xml → /,REWRITE_SUGGESTED
components/footer.html,#top,external/special,#top,ok
components/about-section.html,/services/roof-replacement,internal,services/roof-replacement/index.html,ok
components/about-section.html,/services/roof-repair,internal,services/roof-repair/index.html → /services/,REWRITE_SUGGESTED
components/about-section.html,/services/flat-roofing,internal,services/flat-roofing/index.html → /services/,REWRITE_SUGGESTED
components/about-section.html,/services/silicone-coatings,internal,services/silicone-coatings/index.html → /services/,REWRITE_SUGGESTED
components/about-section.html,https://www.owenscorning.com/en-us/roofing/contractors/contractor-profile/230828,external/special,https://www.owenscorning.com/en-us/roofing/contractors/contractor-profile/230828,ok
components/about-section.html,https://share.google/5hObHe0NZpdu8wbaO,external/special,https://share.google/5hObHe0NZpdu8wbaO,ok
components/about-section.html,/services/flat-roofing,internal,services/flat-roofing/index.html → /services/,REWRITE_SUGGESTED
components/about-section.html,/services/silicone-coatings,internal,services/silicone-coatings/index.html → /services/,REWRITE_SUGGESTED
components/about-section.html,/services/roof-replacement,internal,services/roof-replacement/index.html,ok
components/about-section.html,/services/roof-repair,internal,services/roof-repair/index.html → /services/,REWRITE_SUGGESTED
components/about-section.html,/services/roof-replacement,internal,services/roof-replacement/index.html,ok
components/about-section.html,/services/flat-roofing,internal,services/flat-roofing/index.html → /services/,REWRITE_SUGGESTED
components/about-section.html,/services/silicone-coatings,internal,services/silicone-coatings/index.html → /services/,REWRITE_SUGGESTED
components/about-section.html,/real-estate.html,internal,real-estate.html → /,REWRITE_SUGGESTED
components/about-section.html,/service-areas.html,internal,service-areas.html → /,REWRITE_SUGGESTED
components/service-areas.html,contact.html,internal,components/contact.html → /contact/,REWRITE_SUGGESTED
components/hero-section.html,#real-estate,external/special,#real-estate,ok
components/trust-section.html,https://www.owenscorning.com/en-us/roofing/contractors/contractor-profile/230828,external/special,https://www.owenscorning.com/en-us/roofing/contractors/contractor-profile/230828,ok
components/trust-section.html,https://share.google/5hObHe0NZpdu8wbaO,external/special,https://share.google/5hObHe0NZpdu8wbaO,ok
components/trust-section.html,https://www.angi.com/companylist/us/ca/escondido/zenith-roofing-services-inc-reviews-1.htm,external/special,https://www.angi.com/companylist/us/ca/escondido/zenith-roofing-services-inc-reviews-1.htm,ok
components/trust-section.html,https://www.yelp.com/biz/zenith-roofing-services-escondido,external/special,https://www.yelp.com/biz/zenith-roofing-services-escondido,ok
components/trust-section.html,https://www.guildquality.com/pro/zenith-roofing-services,external/special,https://www.guildquality.com/pro/zenith-roofing-services,ok
components/trust-section.html,https://directorii.com/us/ca/escondido/zenith-roofing-services-reviews-191/?country=us&state=ca&city=fallbrook&category=roofing,external/special,https://directorii.com/us/ca/escondido/zenith-roofing-services-reviews-191/?country=us&state=ca&city=fallbrook&category=roofing,ok
services/index.html,#estimate,external/special,#estimate,ok
services/index.html,/services/roof-replacement/not-sure/,internal,services/roof-replacement/not-sure/index.html,ok
services/index.html,/services/roof-replacement/pitched-roof/,internal,services/roof-replacement/pitched-roof/index.html,ok
services/index.html,/services/roof-replacement/flat-roof/,internal,services/roof-replacement/flat-roof/index.html,ok
services/index.html,/services/roof-replacement/not-sure/,internal,services/roof-replacement/not-sure/index.html,ok
services/index.html,tel:8589006163,external/special,tel:8589006163,ok
services/index.html,sms:+18589006163,external/special,sms:+18589006163,ok
services/index.html,#estimate,external/special,#estimate,ok
services/roof-repairs/index.html,#estimate,external/special,#estimate,ok
services/roof-repairs/index.html,#services,external/special,#services,ok
services/roof-repairs/index.html,#symptoms,external/special,#symptoms,ok
services/roof-repairs/index.html,#services,external/special,#services,ok
services/roof-repairs/index.html,#emergency,external/special,#emergency,ok
services/roof-repairs/index.html,#faq,external/special,#faq,ok
services/roof-repairs/index.html,#areas,external/special,#areas,ok
services/roof-repairs/index.html,#estimate,external/special,#estimate,ok
services/roof-repairs/index.html,#estimate,external/special,#estimate,ok
services/roof-repairs/index.html,/services/roof-repairs/roof-leak-repair/,internal,services/roof-repairs/roof-leak-repair/index.html → /services/,REWRITE_SUGGESTED
services/roof-repairs/index.html,/services/roof-repairs/tile-roof-repair/,internal,services/roof-repairs/tile-roof-repair/index.html,ok
services/roof-repairs/index.html,/services/roof-repairs/shingle-roof-repair/,internal,services/roof-repairs/shingle-roof-repair/index.html → /services/,REWRITE_SUGGESTED
services/roof-repairs/index.html,/services/roof-repairs/flat-roof-repair/,internal,services/roof-repairs/flat-roof-repair/index.html,ok
services/roof-repairs/index.html,/services/roof-repairs/skylight-repair/,internal,services/roof-repairs/skylight-repair/index.html,ok
services/roof-repairs/index.html,/services/roof-repairs/broken-tile-replacement/,internal,services/roof-repairs/broken-tile-replacement/index.html,ok
services/roof-repairs/index.html,/services/roof-repairs/roof-cleaning-maintenance/,internal,services/roof-repairs/roof-cleaning-maintenance/index.html,ok
services/roof-repairs/index.html,/services/roof-repairs/roof-tune-up/,internal,services/roof-repairs/roof-tune-up/index.html,ok
services/roof-repairs/index.html,#estimate,external/special,#estimate,ok
services/roof-repairs/index.html,#estimate,external/special,#estimate,ok
services/roof-repairs/index.html,#estimate,external/special,#estimate,ok
services/roof-repairs/tile-roof-repair/index.html,#estimate,external/special,#estimate,ok
services/roof-repairs/tile-roof-repair/index.html,#symptoms,external/special,#symptoms,ok
services/roof-repairs/tile-roof-repair/index.html,#symptoms,external/special,#symptoms,ok
services/roof-repairs/tile-roof-repair/index.html,#fixes,external/special,#fixes,ok
services/roof-repairs/tile-roof-repair/index.html,#types,external/special,#types,ok
services/roof-repairs/tile-roof-repair/index.html,#process,external/special,#process,ok
services/roof-repairs/tile-roof-repair/index.html,#whyus,external/special,#whyus,ok
services/roof-repairs/tile-roof-repair/index.html,#faq,external/special,#faq,ok
services/roof-repairs/tile-roof-repair/index.html,#areas,external/special,#areas,ok
services/roof-repairs/tile-roof-repair/index.html,#estimate,external/special,#estimate,ok
services/roof-repairs/tile-roof-repair/index.html,#estimate,external/special,#estimate,ok
services/roof-repairs/tile-roof-repair/index.html,/services/residential/tile-lift-lay/,internal,services/residential/tile-lift-lay/index.html,ok
services/roof-repairs/tile-roof-repair/index.html,#estimate,external/special,#estimate,ok
services/roof-repairs/tile-roof-repair/index.html,/services/residential/tile-lift-lay/,internal,services/residential/tile-lift-lay/index.html,ok
services/roof-repairs/tile-roof-repair/index.html,/services/residential/tile-lift-lay/,internal,services/residential/tile-lift-lay/index.html,ok
services/roof-repairs/tile-roof-repair/index.html,#estimate,external/special,#estimate,ok
services/roof-repairs/tile-roof-repair/index.html,/services/real-estate/,internal,services/real-estate/index.html,ok
services/roof-repairs/tile-roof-repair/index.html,#estimate,external/special,#estimate,ok
services/roof-repairs/tile-roof-repair/index.html,/services/residential/tile-lift-lay/,internal,services/residential/tile-lift-lay/index.html,ok
services/roof-repairs/tile-roof-repair/index.html,/services/roof-repairs/broken-tile-replacement/,internal,services/roof-repairs/broken-tile-replacement/index.html,ok
services/roof-repairs/tile-roof-repair/index.html,/services/roof-repairs/skylight-repair/,internal,services/roof-repairs/skylight-repair/index.html,ok
services/roof-repairs/shingles-roof-repair/index.html,#estimate,external/special,#estimate,ok
services/roof-repairs/shingles-roof-repair/index.html,#symptoms,external/special,#symptoms,ok
services/roof-repairs/shingles-roof-repair/index.html,#symptoms,external/special,#symptoms,ok
services/roof-repairs/shingles-roof-repair/index.html,#repairs,external/special,#repairs,ok
services/roof-repairs/shingles-roof-repair/index.html,#sources,external/special,#sources,ok
services/roof-repairs/shingles-roof-repair/index.html,#faq,external/special,#faq,ok
services/roof-repairs/shingles-roof-repair/index.html,#areas,external/special,#areas,ok
services/roof-repairs/shingles-roof-repair/index.html,#estimate,external/special,#estimate,ok
services/roof-repairs/shingles-roof-repair/index.html,#estimate,external/special,#estimate,ok
services/roof-repairs/shingles-roof-repair/index.html,#estimate,external/special,#estimate,ok
services/roof-repairs/shingles-roof-repair/index.html,#estimate,external/special,#estimate,ok
services/roof-repairs/flat-roof-repair/index.html,#estimate,external/special,#estimate,ok
services/roof-repairs/flat-roof-repair/index.html,#repairs,external/special,#repairs,ok
services/roof-repairs/flat-roof-repair/index.html,#symptoms,external/special,#symptoms,ok
services/roof-repairs/flat-roof-repair/index.html,#repairs,external/special,#repairs,ok
services/roof-repairs/flat-roof-repair/index.html,#materials,external/special,#materials,ok
services/roof-repairs/flat-roof-repair/index.html,#drainage,external/special,#drainage,ok
services/roof-repairs/flat-roof-repair/index.html,#faq,external/special,#faq,ok
services/roof-repairs/flat-roof-repair/index.html,#areas,external/special,#areas,ok
services/roof-repairs/flat-roof-repair/index.html,#estimate,external/special,#estimate,ok
services/roof-repairs/flat-roof-repair/index.html,#estimate,external/special,#estimate,ok
services/roof-repairs/flat-roof-repair/index.html,#estimate,external/special,#estimate,ok
services/roof-repairs/flat-roof-repair/index.html,#estimate,external/special,#estimate,ok
services/roof-repairs/roof-tune-up/index.html,#estimate,external/special,#estimate,ok
services/roof-repairs/roof-tune-up/index.html,#what,external/special,#what,ok
services/roof-repairs/roof-tune-up/index.html,#what,external/special,#what,ok
services/roof-repairs/roof-tune-up/index.html,#process,external/special,#process,ok
services/roof-repairs/roof-tune-up/index.html,#faq,external/special,#faq,ok
services/roof-repairs/roof-tune-up/index.html,#areas,external/special,#areas,ok
services/roof-repairs/roof-tune-up/index.html,#estimate,external/special,#estimate,ok
services/roof-repairs/roof-tune-up/index.html,#estimate,external/special,#estimate,ok
services/roof-repairs/roof-tune-up/index.html,/services/roof-repairs/roof-leak-repair/,internal,services/roof-repairs/roof-leak-repair/index.html → /services/,REWRITE_SUGGESTED
services/roof-repairs/roof-tune-up/index.html,#estimate,external/special,#estimate,ok
services/roof-repairs/roof-tune-up/index.html,#estimate,external/special,#estimate,ok
services/roof-repairs/roof-cleaning-maintenance/index.html,#estimate,external/special,#estimate,ok
services/roof-repairs/roof-cleaning-maintenance/index.html,#what,external/special,#what,ok
services/roof-repairs/roof-cleaning-maintenance/index.html,#what,external/special,#what,ok
services/roof-repairs/roof-cleaning-maintenance/index.html,#methods,external/special,#methods,ok
services/roof-repairs/roof-cleaning-maintenance/index.html,#faq,external/special,#faq,ok
services/roof-repairs/roof-cleaning-maintenance/index.html,#areas,external/special,#areas,ok
services/roof-repairs/roof-cleaning-maintenance/index.html,#estimate,external/special,#estimate,ok
services/roof-repairs/roof-cleaning-maintenance/index.html,#estimate,external/special,#estimate,ok
services/roof-repairs/roof-cleaning-maintenance/index.html,#estimate,external/special,#estimate,ok
services/roof-repairs/roof-cleaning-maintenance/index.html,#estimate,external/special,#estimate,ok
services/roof-repairs/slate-roof-repair/index.html,#estimate,external/special,#estimate,ok
services/roof-repairs/slate-roof-repair/index.html,#symptoms,external/special,#symptoms,ok
services/roof-repairs/slate-roof-repair/index.html,#symptoms,external/special,#symptoms,ok
services/roof-repairs/slate-roof-repair/index.html,#repairs,external/special,#repairs,ok
services/roof-repairs/slate-roof-repair/index.html,#sources,external/special,#sources,ok
services/roof-repairs/slate-roof-repair/index.html,#faq,external/special,#faq,ok
services/roof-repairs/slate-roof-repair/index.html,#areas,external/special,#areas,ok
services/roof-repairs/slate-roof-repair/index.html,#estimate,external/special,#estimate,ok
services/roof-repairs/slate-roof-repair/index.html,#estimate,external/special,#estimate,ok
services/roof-repairs/slate-roof-repair/index.html,#estimate,external/special,#estimate,ok
services/roof-repairs/slate-roof-repair/index.html,#estimate,external/special,#estimate,ok
services/roof-repairs/broken-tile-replacement/index.html,#estimate,external/special,#estimate,ok
services/roof-repairs/broken-tile-replacement/index.html,#process,external/special,#process,ok
services/roof-repairs/broken-tile-replacement/index.html,#symptoms,external/special,#symptoms,ok
services/roof-repairs/broken-tile-replacement/index.html,#matching,external/special,#matching,ok
services/roof-repairs/broken-tile-replacement/index.html,#process,external/special,#process,ok
services/roof-repairs/broken-tile-replacement/index.html,#faq,external/special,#faq,ok
services/roof-repairs/broken-tile-replacement/index.html,#areas,external/special,#areas,ok
services/roof-repairs/broken-tile-replacement/index.html,#estimate,external/special,#estimate,ok
services/roof-repairs/broken-tile-replacement/index.html,#estimate,external/special,#estimate,ok
services/roof-repairs/broken-tile-replacement/index.html,#estimate,external/special,#estimate,ok
services/roof-repairs/broken-tile-replacement/index.html,#estimate,external/special,#estimate,ok
services/roof-repairs/clay-tile-roof-repair/index.html,#estimate,external/special,#estimate,ok
services/roof-repairs/clay-tile-roof-repair/index.html,#symptoms,external/special,#symptoms,ok
services/roof-repairs/clay-tile-roof-repair/index.html,#symptoms,external/special,#symptoms,ok
services/roof-repairs/clay-tile-roof-repair/index.html,#repairs,external/special,#repairs,ok
services/roof-repairs/clay-tile-roof-repair/index.html,#sources,external/special,#sources,ok
services/roof-repairs/clay-tile-roof-repair/index.html,#faq,external/special,#faq,ok
services/roof-repairs/clay-tile-roof-repair/index.html,#areas,external/special,#areas,ok
services/roof-repairs/clay-tile-roof-repair/index.html,#estimate,external/special,#estimate,ok
services/roof-repairs/clay-tile-roof-repair/index.html,#estimate,external/special,#estimate,ok
services/roof-repairs/clay-tile-roof-repair/index.html,#estimate,external/special,#estimate,ok
services/roof-repairs/clay-tile-roof-repair/index.html,#estimate,external/special,#estimate,ok
services/roof-repairs/skylight-repair/index.html,#estimate,external/special,#estimate,ok
services/roof-repairs/skylight-repair/index.html,#repairs,external/special,#repairs,ok
services/roof-repairs/skylight-repair/index.html,#symptoms,external/special,#symptoms,ok
services/roof-repairs/skylight-repair/index.html,#repairs,external/special,#repairs,ok
services/roof-repairs/skylight-repair/index.html,#replace,external/special,#replace,ok
services/roof-repairs/skylight-repair/index.html,#faq,external/special,#faq,ok
services/roof-repairs/skylight-repair/index.html,#areas,external/special,#areas,ok
services/roof-repairs/skylight-repair/index.html,#estimate,external/special,#estimate,ok
services/roof-repairs/skylight-repair/index.html,#estimate,external/special,#estimate,ok
services/roof-repairs/skylight-repair/index.html,#estimate,external/special,#estimate,ok
services/roof-repairs/skylight-repair/index.html,#estimate,external/special,#estimate,ok
services/roof-replacement/index.html,#estimate,external/special,#estimate,ok
services/roof-replacement/index.html,#systems,external/special,#systems,ok
services/roof-replacement/index.html,#why,external/special,#why,ok
services/roof-replacement/index.html,#systems,external/special,#systems,ok
services/roof-replacement/index.html,#process,external/special,#process,ok
services/roof-replacement/index.html,#warranty,external/special,#warranty,ok
services/roof-replacement/index.html,#faq,external/special,#faq,ok
services/roof-replacement/index.html,#areas,external/special,#areas,ok
services/roof-replacement/index.html,#estimate,external/special,#estimate,ok
services/roof-replacement/index.html,#estimate,external/special,#estimate,ok
services/roof-replacement/index.html,#estimate,external/special,#estimate,ok
services/roof-replacement/index.html,#estimate,external/special,#estimate,ok
services/roof-replacement/index.html,#estimate,external/special,#estimate,ok
services/roof-replacement/pitched-roof/index.html,#estimate,external/special,#estimate,ok
services/roof-replacement/pitched-roof/index.html,#systems,external/special,#systems,ok
services/roof-replacement/pitched-roof/index.html,#why,external/special,#why,ok
services/roof-replacement/pitched-roof/index.html,#systems,external/special,#systems,ok
services/roof-replacement/pitched-roof/index.html,#details,external/special,#details,ok
services/roof-replacement/pitched-roof/index.html,#process,external/special,#process,ok
services/roof-replacement/pitched-roof/index.html,#faq,external/special,#faq,ok
services/roof-replacement/pitched-roof/index.html,#areas,external/special,#areas,ok
services/roof-replacement/pitched-roof/index.html,#estimate,external/special,#estimate,ok
services/roof-replacement/pitched-roof/index.html,#estimate,external/special,#estimate,ok
services/roof-replacement/pitched-roof/index.html,#estimate,external/special,#estimate,ok
services/roof-replacement/pitched-roof/index.html,#estimate,external/special,#estimate,ok
services/roof-replacement/flat-roof/index.html,#estimate,external/special,#estimate,ok
services/roof-replacement/flat-roof/index.html,#systems,external/special,#systems,ok
services/roof-replacement/flat-roof/index.html,#why,external/special,#why,ok
services/roof-replacement/flat-roof/index.html,#systems,external/special,#systems,ok
services/roof-replacement/flat-roof/index.html,#details,external/special,#details,ok
services/roof-replacement/flat-roof/index.html,#process,external/special,#process,ok
services/roof-replacement/flat-roof/index.html,#faq,external/special,#faq,ok
services/roof-replacement/flat-roof/index.html,#areas,external/special,#areas,ok
services/roof-replacement/flat-roof/index.html,#estimate,external/special,#estimate,ok
services/roof-replacement/flat-roof/index.html,#estimate,external/special,#estimate,ok
services/roof-replacement/flat-roof/index.html,#estimate,external/special,#estimate,ok
services/roof-replacement/flat-roof/index.html,#estimate,external/special,#estimate,ok
services/roof-replacement/not-sure/index.html,#estimate,external/special,#estimate,ok
services/roof-replacement/not-sure/index.html,#quiz,external/special,#quiz,ok
services/roof-replacement/not-sure/index.html,#quiz,external/special,#quiz,ok
services/roof-replacement/not-sure/index.html,#guide,external/special,#guide,ok
services/roof-replacement/not-sure/index.html,#edges,external/special,#edges,ok
services/roof-replacement/not-sure/index.html,#pitch,external/special,#pitch,ok
services/roof-replacement/not-sure/index.html,#faq,external/special,#faq,ok
services/roof-replacement/not-sure/index.html,#areas,external/special,#areas,ok
services/roof-replacement/not-sure/index.html,#estimate,external/special,#estimate,ok
services/roof-replacement/not-sure/index.html,#estimate,external/special,#estimate,ok
services/roof-replacement/not-sure/index.html,#estimate,external/special,#estimate,ok
services/roof-replacement/not-sure/index.html,#estimate,external/special,#estimate,ok
services/commercial/index.html,#estimate,external/special,#estimate,ok
services/commercial/index.html,#services,external/special,#services,ok
services/commercial/index.html,#services,external/special,#services,ok
services/commercial/index.html,#process,external/special,#process,ok
services/commercial/index.html,#faq,external/special,#faq,ok
services/commercial/index.html,#areas,external/special,#areas,ok
services/commercial/index.html,#estimate,external/special,#estimate,ok
services/commercial/index.html,/services/commercial/tpo/,internal,services/commercial/tpo/index.html,ok
services/commercial/index.html,/services/commercial/torch-down/,internal,services/commercial/torch-down/index.html,ok
services/commercial/index.html,/services/commercial/silicone-coatings/,internal,services/commercial/silicone-coatings/index.html,ok
services/commercial/index.html,/services/commercial/metal/,internal,services/commercial/metal/index.html,ok
services/commercial/index.html,/services/commercial/tile-roofing/,internal,services/commercial/tile-roofing/index.html,ok
services/commercial/index.html,/services/commercial/shingle-systems/,internal,services/commercial/shingle-systems/index.html,ok
services/commercial/index.html,/services/commercial/debris-removal-cleaning/,internal,services/commercial/debris-removal-cleaning/index.html,ok
services/commercial/index.html,/services/commercial/roof-asset-maintenance/,internal,services/commercial/roof-asset-maintenance/index.html,ok
services/commercial/index.html,#estimate,external/special,#estimate,ok
services/commercial/index.html,#estimate,external/special,#estimate,ok
services/commercial/metal/index.html,#estimate,external/special,#estimate,ok
services/commercial/metal/index.html,#systems,external/special,#systems,ok
services/commercial/metal/index.html,#systems,external/special,#systems,ok
services/commercial/metal/index.html,#details,external/special,#details,ok
services/commercial/metal/index.html,#process,external/special,#process,ok
services/commercial/metal/index.html,#faq,external/special,#faq,ok
services/commercial/metal/index.html,#areas,external/special,#areas,ok
services/commercial/metal/index.html,#estimate,external/special,#estimate,ok
services/commercial/metal/index.html,#estimate,external/special,#estimate,ok
services/commercial/roof-asset-maintenance/index.html,#estimate,external/special,#estimate,ok
services/commercial/roof-asset-maintenance/index.html,#scope,external/special,#scope,ok
services/commercial/roof-asset-maintenance/index.html,#scope,external/special,#scope,ok
services/commercial/roof-asset-maintenance/index.html,#reporting,external/special,#reporting,ok
services/commercial/roof-asset-maintenance/index.html,#process,external/special,#process,ok
services/commercial/roof-asset-maintenance/index.html,#areas,external/special,#areas,ok
services/commercial/roof-asset-maintenance/index.html,#estimate,external/special,#estimate,ok
services/commercial/roof-asset-maintenance/index.html,#estimate,external/special,#estimate,ok
services/commercial/shingle-systems/index.html,#estimate,external/special,#estimate,ok
services/commercial/shingle-systems/index.html,#systems,external/special,#systems,ok
services/commercial/shingle-systems/index.html,#systems,external/special,#systems,ok
services/commercial/shingle-systems/index.html,#why,external/special,#why,ok
services/commercial/shingle-systems/index.html,#specs,external/special,#specs,ok
services/commercial/shingle-systems/index.html,#warranty,external/special,#warranty,ok
services/commercial/shingle-systems/index.html,#process,external/special,#process,ok
services/commercial/shingle-systems/index.html,#faq,external/special,#faq,ok
services/commercial/shingle-systems/index.html,#areas,external/special,#areas,ok
services/commercial/shingle-systems/index.html,#estimate,external/special,#estimate,ok
services/commercial/shingle-systems/index.html,#estimate,external/special,#estimate,ok
services/commercial/shingle-systems/index.html,#estimate,external/special,#estimate,ok
services/commercial/shingle-systems/index.html,/services/roof-replacement/pitched-roof/,internal,services/roof-replacement/pitched-roof/index.html,ok
services/commercial/shingle-systems/index.html,/services/residential/asphalt-shingles/,internal,services/residential/asphalt-shingles/index.html,ok
services/commercial/shingle-systems/index.html,/services/residential/preventive-maintenance/,internal,services/residential/preventive-maintenance/index.html,ok
services/commercial/pvc/index.html,#estimate,external/special,#estimate,ok
services/commercial/pvc/index.html,tel:8589006163,external/special,tel:8589006163,ok
services/commercial/pvc/index.html,sms:+18589006163,external/special,sms:+18589006163,ok
services/commercial/pvc/index.html,#estimate,external/special,#estimate,ok
services/commercial/tile-roofing/index.html,#estimate,external/special,#estimate,ok
services/commercial/tile-roofing/index.html,#scope,external/special,#scope,ok
services/commercial/tile-roofing/index.html,#scope,external/special,#scope,ok
services/commercial/tile-roofing/index.html,#underlayment,external/special,#underlayment,ok
services/commercial/tile-roofing/index.html,#process,external/special,#process,ok
services/commercial/tile-roofing/index.html,#areas,external/special,#areas,ok
services/commercial/tile-roofing/index.html,#estimate,external/special,#estimate,ok
services/commercial/tile-roofing/index.html,#estimate,external/special,#estimate,ok
services/commercial/debris-removal-cleaning/index.html,#estimate,external/special,#estimate,ok
services/commercial/debris-removal-cleaning/index.html,#scope,external/special,#scope,ok
services/commercial/debris-removal-cleaning/index.html,#scope,external/special,#scope,ok
services/commercial/debris-removal-cleaning/index.html,#benefits,external/special,#benefits,ok
services/commercial/debris-removal-cleaning/index.html,#process,external/special,#process,ok
services/commercial/debris-removal-cleaning/index.html,#faq,external/special,#faq,ok
services/commercial/debris-removal-cleaning/index.html,#areas,external/special,#areas,ok
services/commercial/debris-removal-cleaning/index.html,#estimate,external/special,#estimate,ok
services/commercial/debris-removal-cleaning/index.html,#estimate,external/special,#estimate,ok
services/commercial/debris-removal-cleaning/index.html,#estimate,external/special,#estimate,ok
services/commercial/tpo/index.html,#estimate,external/special,#estimate,ok
services/commercial/tpo/index.html,#systems,external/special,#systems,ok
services/commercial/tpo/index.html,#systems,external/special,#systems,ok
services/commercial/tpo/index.html,#details,external/special,#details,ok
services/commercial/tpo/index.html,#process,external/special,#process,ok
services/commercial/tpo/index.html,#areas,external/special,#areas,ok
services/commercial/tpo/index.html,#estimate,external/special,#estimate,ok
services/commercial/silicone-coatings/index.html,#estimate,external/special,#estimate,ok
services/commercial/silicone-coatings/index.html,#eligibility,external/special,#eligibility,ok
services/commercial/silicone-coatings/index.html,#eligibility,external/special,#eligibility,ok
services/commercial/silicone-coatings/index.html,#benefits,external/special,#benefits,ok
services/commercial/silicone-coatings/index.html,#process,external/special,#process,ok
services/commercial/silicone-coatings/index.html,#areas,external/special,#areas,ok
services/commercial/silicone-coatings/index.html,#estimate,external/special,#estimate,ok
services/commercial/silicone-coatings/index.html,#estimate,external/special,#estimate,ok
services/commercial/torch-down/index.html,#estimate,external/special,#estimate,ok
services/commercial/torch-down/index.html,#systems,external/special,#systems,ok
services/commercial/torch-down/index.html,#systems,external/special,#systems,ok
services/commercial/torch-down/index.html,#safety,external/special,#safety,ok
services/commercial/torch-down/index.html,#process,external/special,#process,ok
services/commercial/torch-down/index.html,#areas,external/special,#areas,ok
services/commercial/torch-down/index.html,#estimate,external/special,#estimate,ok
services/commercial/torch-down/index.html,#estimate,external/special,#estimate,ok
services/gutters/index.html,#estimate,external/special,#estimate,ok
services/gutters/index.html,#sizes,external/special,#sizes,ok
services/gutters/index.html,#why,external/special,#why,ok
services/gutters/index.html,#sizes,external/special,#sizes,ok
services/gutters/index.html,#guards,external/special,#guards,ok
services/gutters/index.html,#colors,external/special,#colors,ok
services/gutters/index.html,#process,external/special,#process,ok
services/gutters/index.html,#faq,external/special,#faq,ok
services/gutters/index.html,#areas,external/special,#areas,ok
services/gutters/index.html,#estimate,external/special,#estimate,ok
services/gutters/index.html,#estimate,external/special,#estimate,ok
services/gutters/index.html,#estimate,external/special,#estimate,ok
services/gutters/index.html,#real-estate,external/special,#real-estate,ok
services/gutters/index.html,#estimate,external/special,#estimate,ok
services/real-estate/index.html,#services,external/special,#services,ok
services/real-estate/index.html,#estimate,external/special,#estimate,ok
services/real-estate/index.html,#services,external/special,#services,ok
services/real-estate/index.html,#faq,external/special,#faq,ok
services/real-estate/index.html,#areas,external/special,#areas,ok
services/real-estate/index.html,#estimate,external/special,#estimate,ok
services/real-estate/index.html,/services/real-estate/roof-reports/,internal,services/real-estate/roof-reports/index.html,ok
services/real-estate/index.html,/services/real-estate/roof-certifications/,internal,services/real-estate/roof-certifications/index.html,ok
services/real-estate/index.html,/services/real-estate/roof-estimates/,internal,services/real-estate/roof-estimates/index.html,ok
services/real-estate/index.html,/services/real-estate/satellite-imagery-analysis/,internal,services/real-estate/satellite-imagery-analysis/index.html,ok
services/real-estate/index.html,/services/real-estate/verbal-opinions/,internal,services/real-estate/verbal-opinions/index.html,ok
services/real-estate/index.html,/services/real-estate/insurance-consulting/,internal,services/real-estate/insurance-consulting/index.html,ok
services/real-estate/index.html,/services/real-estate/visual-inspections/,internal,services/real-estate/visual-inspections/index.html,ok
services/real-estate/index.html,#estimate,external/special,#estimate,ok
services/real-estate/index.html,/services/real-estate/verbal-opinions/,internal,services/real-estate/verbal-opinions/index.html,ok
services/real-estate/roof-reports/index.html,#estimate,external/special,#estimate,ok
services/real-estate/roof-reports/index.html,#whats-included,external/special,#whats-included,ok
services/real-estate/roof-reports/index.html,#whats-included,external/special,#whats-included,ok
services/real-estate/roof-reports/index.html,#turnaround,external/special,#turnaround,ok
services/real-estate/roof-reports/index.html,#faq,external/special,#faq,ok
services/real-estate/roof-reports/index.html,#areas,external/special,#areas,ok
services/real-estate/roof-reports/index.html,#estimate,external/special,#estimate,ok
services/real-estate/roof-reports/index.html,#estimate,external/special,#estimate,ok
services/real-estate/roof-reports/index.html,#estimate,external/special,#estimate,ok
services/real-estate/insurance-consulting/index.html,#estimate,external/special,#estimate,ok
services/real-estate/insurance-consulting/index.html,#scope,external/special,#scope,ok
services/real-estate/insurance-consulting/index.html,#scope,external/special,#scope,ok
services/real-estate/insurance-consulting/index.html,#faq,external/special,#faq,ok
services/real-estate/insurance-consulting/index.html,#estimate,external/special,#estimate,ok
services/real-estate/visual-inspections/index.html,#estimate,external/special,#estimate,ok
services/real-estate/visual-inspections/index.html,#includes,external/special,#includes,ok
services/real-estate/visual-inspections/index.html,#includes,external/special,#includes,ok
services/real-estate/visual-inspections/index.html,#limitations,external/special,#limitations,ok
services/real-estate/visual-inspections/index.html,#faq,external/special,#faq,ok
services/real-estate/visual-inspections/index.html,#estimate,external/special,#estimate,ok
services/real-estate/roof-estimates/index.html,#estimate,external/special,#estimate,ok
services/real-estate/roof-estimates/index.html,#deliverables,external/special,#deliverables,ok
services/real-estate/roof-estimates/index.html,#deliverables,external/special,#deliverables,ok
services/real-estate/roof-estimates/index.html,#timeline,external/special,#timeline,ok
services/real-estate/roof-estimates/index.html,#faq,external/special,#faq,ok
services/real-estate/roof-estimates/index.html,#estimate,external/special,#estimate,ok
services/real-estate/verbal-opinions/index.html,#estimate,external/special,#estimate,ok
services/real-estate/verbal-opinions/index.html,#faq,external/special,#faq,ok
services/real-estate/verbal-opinions/index.html,#how,external/special,#how,ok
services/real-estate/verbal-opinions/index.html,#faq,external/special,#faq,ok
services/real-estate/verbal-opinions/index.html,#estimate,external/special,#estimate,ok
services/real-estate/roof-certifications/index.html,#estimate,external/special,#estimate,ok
services/real-estate/roof-certifications/index.html,#steps,external/special,#steps,ok
services/real-estate/roof-certifications/index.html,#steps,external/special,#steps,ok
services/real-estate/roof-certifications/index.html,#criteria,external/special,#criteria,ok
services/real-estate/roof-certifications/index.html,#faq,external/special,#faq,ok
services/real-estate/roof-certifications/index.html,#areas,external/special,#areas,ok
services/real-estate/roof-certifications/index.html,#estimate,external/special,#estimate,ok
services/real-estate/roof-certifications/index.html,#estimate,external/special,#estimate,ok
services/real-estate/satellite-imagery-analysis/index.html,#estimate,external/special,#estimate,ok
services/real-estate/satellite-imagery-analysis/index.html,#faq,external/special,#faq,ok
services/real-estate/satellite-imagery-analysis/index.html,#deliverables,external/special,#deliverables,ok
services/real-estate/satellite-imagery-analysis/index.html,#limitations,external/special,#limitations,ok
services/real-estate/satellite-imagery-analysis/index.html,#faq,external/special,#faq,ok
services/real-estate/satellite-imagery-analysis/index.html,#estimate,external/special,#estimate,ok
services/roof-inspection/index.html,#free,external/special,#free,ok
services/roof-inspection/index.html,#letter,external/special,#letter,ok
services/roof-inspection/index.html,/services/roof-inspection/certified-roof-reports/,internal,services/roof-inspection/certified-roof-reports/index.html → /services/roof-inspection/,REWRITE_SUGGESTED
services/roof-inspection/index.html,/services/roof-inspection/certified-roof-reports/,internal,services/roof-inspection/certified-roof-reports/index.html → /services/roof-inspection/,REWRITE_SUGGESTED
services/roof-inspection/index.html,tel:8589006163,external/special,tel:8589006163,ok
services/roof-inspection/index.html,#free,external/special,#free,ok
services/roof-inspection/index.html,tel:8589006163,external/special,tel:8589006163,ok
services/roof-inspection/index.html,sms:+18589006163,external/special,sms:+18589006163,ok
services/roof-inspection/index.html,#free,external/special,#free,ok
services/residential/index.html,#estimate,external/special,#estimate,ok
services/residential/index.html,#programs,external/special,#programs,ok
services/residential/index.html,#solutions,external/special,#solutions,ok
services/residential/index.html,#programs,external/special,#programs,ok
services/residential/index.html,#landlords,external/special,#landlords,ok
services/residential/index.html,#homeowners,external/special,#homeowners,ok
services/residential/index.html,#faq,external/special,#faq,ok
services/residential/index.html,#areas,external/special,#areas,ok
services/residential/index.html,#estimate,external/special,#estimate,ok
services/residential/index.html,/services/roof-repairs/roof-leak-repair/,internal,services/roof-repairs/roof-leak-repair/index.html → /services/,REWRITE_SUGGESTED
services/residential/index.html,/services/roof-repairs/roof-tune-up/,internal,services/roof-repairs/roof-tune-up/index.html,ok
services/residential/index.html,/services/roof-replacement/,internal,services/roof-replacement/index.html,ok
services/residential/index.html,/services/gutters/,internal,services/gutters/index.html,ok
services/residential/index.html,/services/roof-repairs/skylight-repair/,internal,services/roof-repairs/skylight-repair/index.html,ok
services/residential/index.html,/services/roof-repairs/roof-cleaning-maintenance/,internal,services/roof-repairs/roof-cleaning-maintenance/index.html,ok
services/residential/index.html,#estimate,external/special,#estimate,ok
services/residential/index.html,#estimate,external/special,#estimate,ok
services/residential/tile-roof/index.html,#estimate,external/special,#estimate,ok
services/residential/tile-roof/index.html,#repair,external/special,#repair,ok
services/residential/tile-roof/index.html,#repair,external/special,#repair,ok
services/residential/tile-roof/index.html,#lift-relay,external/special,#lift-relay,ok
services/residential/tile-roof/index.html,#replacement,external/special,#replacement,ok
services/residential/tile-roof/index.html,#details,external/special,#details,ok
services/residential/tile-roof/index.html,#faq,external/special,#faq,ok
services/residential/tile-roof/index.html,#areas,external/special,#areas,ok
services/residential/tile-roof/index.html,#estimate,external/special,#estimate,ok
services/residential/tile-roof/index.html,#estimate,external/special,#estimate,ok
services/residential/tile-roof/index.html,#estimate,external/special,#estimate,ok
services/residential/tile-roof/index.html,#estimate,external/special,#estimate,ok
services/residential/tile-roof/index.html,/services/roof-repairs/broken-tile-replacement/,internal,services/roof-repairs/broken-tile-replacement/index.html,ok
services/residential/tile-roof/index.html,/services/roof-repairs/roof-leak-repair/,internal,services/roof-repairs/roof-leak-repair/index.html → /services/,REWRITE_SUGGESTED
services/residential/tile-roof/index.html,/services/roof-replacement/pitched-roof/,internal,services/roof-replacement/pitched-roof/index.html,ok
services/residential/leak-repair-troubleshooting/index.html,#estimate,external/special,#estimate,ok
services/residential/leak-repair-troubleshooting/index.html,#diy,external/special,#diy,ok
services/residential/leak-repair-troubleshooting/index.html,#diy,external/special,#diy,ok
services/residential/leak-repair-troubleshooting/index.html,#sources,external/special,#sources,ok
services/residential/leak-repair-troubleshooting/index.html,#process,external/special,#process,ok
services/residential/leak-repair-troubleshooting/index.html,#prepphotos,external/special,#prepphotos,ok
services/residential/leak-repair-troubleshooting/index.html,#faq,external/special,#faq,ok
services/residential/leak-repair-troubleshooting/index.html,#areas,external/special,#areas,ok
services/residential/leak-repair-troubleshooting/index.html,#estimate,external/special,#estimate,ok
services/residential/leak-repair-troubleshooting/index.html,#estimate,external/special,#estimate,ok
services/residential/leak-repair-troubleshooting/index.html,#estimate,external/special,#estimate,ok
services/residential/leak-repair-troubleshooting/index.html,#estimate,external/special,#estimate,ok
services/residential/leak-repair-troubleshooting/index.html,/services/roof-repairs/roof-leak-repair/,internal,services/roof-repairs/roof-leak-repair/index.html → /services/,REWRITE_SUGGESTED
services/residential/leak-repair-troubleshooting/index.html,/services/roof-repairs/skylight-repair/,internal,services/roof-repairs/skylight-repair/index.html,ok
services/residential/leak-repair-troubleshooting/index.html,/services/roof-replacement/,internal,services/roof-replacement/index.html,ok
services/residential/tile-lift-lay/index.html,#estimate,external/special,#estimate,ok
services/residential/tile-lift-lay/index.html,#systems,external/special,#systems,ok
services/residential/tile-lift-lay/index.html,#why,external/special,#why,ok
services/residential/tile-lift-lay/index.html,#systems,external/special,#systems,ok
services/residential/tile-lift-lay/index.html,#process,external/special,#process,ok
services/residential/tile-lift-lay/index.html,#pricing,external/special,#pricing,ok
services/residential/tile-lift-lay/index.html,#faq,external/special,#faq,ok
services/residential/tile-lift-lay/index.html,#areas,external/special,#areas,ok
services/residential/tile-lift-lay/index.html,#estimate,external/special,#estimate,ok
services/residential/tile-lift-lay/index.html,#estimate,external/special,#estimate,ok
services/residential/tile-lift-lay/index.html,#estimate,external/special,#estimate,ok
services/residential/tile-lift-lay/index.html,#estimate,external/special,#estimate,ok
services/residential/tile-lift-lay/index.html,/services/roof-repairs/broken-tile-replacement/,internal,services/roof-repairs/broken-tile-replacement/index.html,ok
services/residential/tile-lift-lay/index.html,/services/roof-repairs/roof-leak-repair/,internal,services/roof-repairs/roof-leak-repair/index.html → /services/,REWRITE_SUGGESTED
services/residential/tile-lift-lay/index.html,/services/residential/tile-roof/,internal,services/residential/tile-roof/index.html,ok
services/residential/asphalt-shingles/index.html,#estimate,external/special,#estimate,ok
services/residential/asphalt-shingles/index.html,#compare,external/special,#compare,ok
services/residential/asphalt-shingles/index.html,#benefits,external/special,#benefits,ok
services/residential/asphalt-shingles/index.html,#compare,external/special,#compare,ok
services/residential/asphalt-shingles/index.html,#process,external/special,#process,ok
services/residential/asphalt-shingles/index.html,#warranty,external/special,#warranty,ok
services/residential/asphalt-shingles/index.html,#faq,external/special,#faq,ok
services/residential/asphalt-shingles/index.html,#areas,external/special,#areas,ok
services/residential/asphalt-shingles/index.html,#estimate,external/special,#estimate,ok
services/residential/asphalt-shingles/index.html,#estimate,external/special,#estimate,ok
services/residential/asphalt-shingles/index.html,#estimate,external/special,#estimate,ok
services/residential/asphalt-shingles/index.html,/services/roof-repairs/,internal,services/roof-repairs/index.html,ok
services/residential/asphalt-shingles/index.html,/services/roof-replacement/,internal,services/roof-replacement/index.html,ok
services/residential/asphalt-shingles/index.html,/services/gutters/,internal,services/gutters/index.html,ok
services/residential/silicone/index.html,#estimate,external/special,#estimate,ok
services/residential/silicone/index.html,#candidate,external/special,#candidate,ok
services/residential/silicone/index.html,#why,external/special,#why,ok
services/residential/silicone/index.html,#candidate,external/special,#candidate,ok
services/residential/silicone/index.html,#system,external/special,#system,ok
services/residential/silicone/index.html,#process,external/special,#process,ok
services/residential/silicone/index.html,#faq,external/special,#faq,ok
services/residential/silicone/index.html,#areas,external/special,#areas,ok
services/residential/silicone/index.html,#estimate,external/special,#estimate,ok
services/residential/silicone/index.html,#estimate,external/special,#estimate,ok
services/residential/silicone/index.html,/services/residential/tpo/,internal,services/residential/tpo/index.html,ok
services/residential/silicone/index.html,/services/roof-replacement/flat-roof/,internal,services/roof-replacement/flat-roof/index.html,ok
services/residential/silicone/index.html,#estimate,external/special,#estimate,ok
services/residential/silicone/index.html,/services/residential/tpo/,internal,services/residential/tpo/index.html,ok
services/residential/silicone/index.html,/services/roof-repairs/flat-roof-repair/,internal,services/roof-repairs/flat-roof-repair/index.html,ok
services/residential/silicone/index.html,/services/roof-replacement/flat-roof/,internal,services/roof-replacement/flat-roof/index.html,ok
services/residential/roof-washing-moss-removal/index.html,#estimate,external/special,#estimate,ok
services/residential/roof-washing-moss-removal/index.html,tel:8589006163,external/special,tel:8589006163,ok
services/residential/roof-washing-moss-removal/index.html,sms:+18589006163,external/special,sms:+18589006163,ok
services/residential/roof-washing-moss-removal/index.html,#estimate,external/special,#estimate,ok
services/residential/tpo/index.html,#estimate,external/special,#estimate,ok
services/residential/tpo/index.html,#options,external/special,#options,ok
services/residential/tpo/index.html,#why,external/special,#why,ok
services/residential/tpo/index.html,#options,external/special,#options,ok
services/residential/tpo/index.html,#insulation,external/special,#insulation,ok
services/residential/tpo/index.html,#process,external/special,#process,ok
services/residential/tpo/index.html,#faq,external/special,#faq,ok
services/residential/tpo/index.html,#areas,external/special,#areas,ok
services/residential/tpo/index.html,#estimate,external/special,#estimate,ok
services/residential/tpo/index.html,#estimate,external/special,#estimate,ok
services/residential/tpo/index.html,#estimate,external/special,#estimate,ok
services/residential/tpo/index.html,/services/roof-replacement/flat-roof/,internal,services/roof-replacement/flat-roof/index.html,ok
services/residential/tpo/index.html,/services/roof-repairs/flat-roof-repair/,internal,services/roof-repairs/flat-roof-repair/index.html,ok
services/residential/tpo/index.html,/services/roof-repairs/skylight-repair/,internal,services/roof-repairs/skylight-repair/index.html,ok
services/residential/preventive-maintenance/index.html,#estimate,external/special,#estimate,ok
services/residential/preventive-maintenance/index.html,#methods,external/special,#methods,ok
services/residential/preventive-maintenance/index.html,#why,external/special,#why,ok
services/residential/preventive-maintenance/index.html,#methods,external/special,#methods,ok
services/residential/preventive-maintenance/index.html,#safety,external/special,#safety,ok
services/residential/preventive-maintenance/index.html,#diy,external/special,#diy,ok
services/residential/preventive-maintenance/index.html,#faq,external/special,#faq,ok
services/residential/preventive-maintenance/index.html,#areas,external/special,#areas,ok
services/residential/preventive-maintenance/index.html,#estimate,external/special,#estimate,ok
services/residential/preventive-maintenance/index.html,#estimate,external/special,#estimate,ok
services/residential/preventive-maintenance/index.html,#estimate,external/special,#estimate,ok
services/residential/preventive-maintenance/index.html,/services/roof-repairs/roof-cleaning-maintenance/,internal,services/roof-repairs/roof-cleaning-maintenance/index.html,ok
services/residential/preventive-maintenance/index.html,/services/residential/preventive-maintenance/,internal,services/residential/preventive-maintenance/index.html,ok
services/residential/preventive-maintenance/index.html,/services/roof-repairs/roof-leak-repair/,internal,services/roof-repairs/roof-leak-repair/index.html → /services/,REWRITE_SUGGESTED
services/residential/torch-down/index.html,#estimate,external/special,#estimate,ok
services/residential/torch-down/index.html,#advantages,external/special,#advantages,ok
services/residential/torch-down/index.html,#advantages,external/special,#advantages,ok
services/residential/torch-down/index.html,#when,external/special,#when,ok
services/residential/torch-down/index.html,#options,external/special,#options,ok
services/residential/torch-down/index.html,#process,external/special,#process,ok
services/residential/torch-down/index.html,#faq,external/special,#faq,ok
services/residential/torch-down/index.html,#areas,external/special,#areas,ok
services/residential/torch-down/index.html,#estimate,external/special,#estimate,ok
services/residential/torch-down/index.html,#estimate,external/special,#estimate,ok
services/residential/torch-down/index.html,#estimate,external/special,#estimate,ok
services/residential/torch-down/index.html,/services/roof-repairs/flat-roof-repair/,internal,services/roof-repairs/flat-roof-repair/index.html,ok
services/residential/torch-down/index.html,/services/roof-replacement/flat-roof/,internal,services/roof-replacement/flat-roof/index.html,ok
services/residential/torch-down/index.html,/services/residential/,internal,services/residential/index.html,ok
services/insurance-claims/index.html,/services/insurance-claims/storm-damage/,internal,services/insurance-claims/storm-damage/index.html,ok
services/insurance-claims/index.html,/services/insurance-claims/emergency-tarping-dry-in/,internal,services/insurance-claims/emergency-tarping-dry-in/index.html,ok
services/insurance-claims/index.html,/services/insurance-claims/adjuster-support/,internal,services/insurance-claims/adjuster-support/index.html,ok
services/insurance-claims/index.html,/services/insurance-claims/faq/,internal,services/insurance-claims/faq/index.html,ok
about/index.html,/,internal,index.html,ok
about/index.html,/services/,internal,services/index.html,ok
about/index.html,/,internal,index.html,ok
about/index.html,/services/,internal,services/index.html,ok
about/index.html,/,internal,index.html,ok
about/index.html,/contact/,internal,contact/index.html,ok
about/index.html,/services/,internal,services/index.html,ok
about/index.html,tel:8589006163,external/special,tel:8589006163,ok
about/index.html,sms:+18589006163,external/special,sms:+18589006163,ok
about/index.html,/,internal,index.html,ok
contact/index.html,tel:8589006163,external/special,tel:8589006163,ok
contact/index.html,sms:+18589006163,external/special,sms:+18589006163,ok
contact/index.html,#contact-form,external/special,#contact-form,ok
contact/index.html,#reach,external/special,#reach,ok
contact/index.html,#hours,external/special,#hours,ok
contact/index.html,#areas,external/special,#areas,ok
contact/index.html,#faq,external/special,#faq,ok
contact/index.html,#contact-form,external/special,#contact-form,ok
contact/index.html,tel:8589006163,external/special,tel:8589006163,ok
contact/index.html,sms:+18589006163,external/special,sms:+18589006163,ok
contact/index.html,mailto:hello@zenithroofingservices.com,external/special,mailto:hello@zenithroofingservices.com,ok
contact/index.html,tel:8589006163,external/special,tel:8589006163,ok
contact/index.html,sms:+18589006163,external/special,sms:+18589006163,ok
blog/index.html,/blog/cdx-vs-osb.html,internal,blog/cdx-vs-osb.html → /blog/,REWRITE_SUGGESTED
blog/index.html,/blog/solar-racking-stanchions.html,internal,blog/solar-racking-stanchions.html → /blog/,REWRITE_SUGGESTED
blog/index.html,/blog/peel-and-stick-vs-felt.html,internal,blog/peel-and-stick-vs-felt.html → /blog/,REWRITE_SUGGESTED
blog/index.html,/blog/tpo-vs-torch.html,internal,blog/tpo-vs-torch.html → /blog/,REWRITE_SUGGESTED
blog/index.html,/blog/repair-vs-replace-30-years.html,internal,blog/repair-vs-replace-30-years.html → /blog/,REWRITE_SUGGESTED
blog/index.html,/blog/termites-from-leaks.html,internal,blog/termites-from-leaks.html → /blog/,REWRITE_SUGGESTED
blog/index.html,/blog/wood-shakes-under-shingles.html,internal,blog/wood-shakes-under-shingles.html → /blog/,REWRITE_SUGGESTED
blog/index.html,/blog/why-professional-roof-report.html,internal,blog/why-professional-roof-report.html → /blog/,REWRITE_SUGGESTED
blog/index.html,/blog/insurance-claims-san-diego-wind.html,internal,blog/insurance-claims-san-diego-wind.html → /blog/,REWRITE_SUGGESTED
blog/index.html,/blog/ponding-water-crickets-diverters.html,internal,blog/ponding-water-crickets-diverters.html → /blog/,REWRITE_SUGGESTED
blog/index.html,/blog/bryan-escondido-story.html,internal,blog/bryan-escondido-story.html → /blog/,REWRITE_SUGGESTED
blog/index.html,/blog/why-warranty-matters.html,internal,blog/why-warranty-matters.html → /blog/,REWRITE_SUGGESTED
blog/index.html,/blog/repair-stories-skip-sheathing.html,internal,blog/repair-stories-skip-sheathing.html → /blog/,REWRITE_SUGGESTED
blog/index.html,/#estimate,internal,index.html,ok
thank-you/index.html,tel:8589006163,external/special,tel:8589006163,ok
thank-you/index.html,/,internal,index.html,ok
projects/index.html,#gallery,external/special,#gallery,ok
projects/index.html,#estimate,external/special,#estimate,ok
projects/index.html,#filters,external/special,#filters,ok
projects/index.html,#gallery,external/special,#gallery,ok
projects/index.html,#estimate,external/special,#estimate,ok
projects/index.html,#estimate,external/special,#estimate,ok
glossary/index.html,#,external/special,#,ok
glossary/index.html,#,external/special,#,ok
glossary/index.html,#,external/special,#,ok
glossary/index.html,#,external/special,#,ok
glossary/index.html,#,external/special,#,ok
glossary/index.html,#,external/special,#,ok
glossary/index.html,#,external/special,#,ok
glossary/index.html,#,external/special,#,ok
glossary/index.html,#,external/special,#,ok
glossary/index.html,#,external/special,#,ok
glossary/index.html,#,external/special,#,ok
glossary/index.html,#,external/special,#,ok
glossary/index.html,#,external/special,#,ok
glossary/index.html,#,external/special,#,ok
glossary/index.html,#,external/special,#,ok
glossary/index.html,#,external/special,#,ok
glossary/index.html,#,external/special,#,ok
glossary/index.html,#,external/special,#,ok
glossary/index.html,#,external/special,#,ok
glossary/index.html,#,external/special,#,ok
glossary/index.html,#,external/special,#,ok
glossary/index.html,#,external/special,#,ok
glossary/index.html,#,external/special,#,ok
glossary/index.html,#,external/special,#,ok
glossary/index.html,#,external/special,#,ok
glossary/index.html,#,external/special,#,ok
glossary/index.html,#,external/special,#,ok
glossary/index.html,#underlayment-peel,external/special,#underlayment-peel,ok
glossary/index.html,#valley-metal,external/special,#valley-metal,ok
glossary/index.html,#curb-mounted-skylight,external/special,#curb-mounted-skylight,ok
glossary/index.html,#deck-mounted-skylight,external/special,#deck-mounted-skylight,ok
glossary/index.html,#weather-blocking,external/special,#weather-blocking,ok
glossary/index.html,#tile-kicker,external/special,#tile-kicker,ok
glossary/index.html,#osb,external/special,#osb,ok
glossary/index.html,#tongue-and-groove,external/special,#tongue-and-groove,ok
glossary/index.html,#lightweight-concrete-tiles,external/special,#lightweight-concrete-tiles,ok
glossary/index.html,#weather-blocking,external/special,#weather-blocking,ok
glossary/index.html,#deck-mounted-skylight,external/special,#deck-mounted-skylight,ok
glossary/index.html,#curb-mounted-skylight,external/special,#curb-mounted-skylight,ok
glossary/index.html,#rafter-tails,external/special,#rafter-tails,ok
glossary/index.html,#gutters,external/special,#gutters,ok
glossary/index.html,#valley-metal,external/special,#valley-metal,ok
glossary/index.html,#tile-kicker,external/special,#tile-kicker,ok
glossary/index.html,#cdx-plywood,external/special,#cdx-plywood,ok
glossary/index.html,#fascia,external/special,#fascia,ok
glossary/index.html,#gutters,external/special,#gutters,ok
glossary/index.html,#wood-shakes,external/special,#wood-shakes,ok
glossary/index.html,#shiplap,external/special,#shiplap,ok
glossary/index.html,#gutters,external/special,#gutters,ok
glossary/index.html,#tile-pan-flashing,external/special,#tile-pan-flashing,ok
glossary/index.html,#valley-metal,external/special,#valley-metal,ok
glossary/index.html,#weather-blocking,external/special,#weather-blocking,ok
glossary/index.html,#torch-down,external/special,#torch-down,ok
glossary/index.html,#tpo,external/special,#tpo,ok
glossary/index.html,#spaced-sheathing,external/special,#spaced-sheathing,ok
glossary/index.html,#bird-stop,external/special,#bird-stop,ok
glossary/index.html,#tpo,external/special,#tpo,ok
glossary/index.html,#torch-down,external/special,#torch-down,ok
glossary/index.html,/#estimate,internal,index.html,ok
youtube/index.html,https://youtube.com/@roofingfanatics4775,external/special,https://youtube.com/@roofingfanatics4775,ok
youtube/index.html,/services/residential/torch-down/,internal,services/residential/torch-down/index.html,ok
youtube/index.html,/#estimate,internal,index.html,ok
youtube/index.html,/services/residential/torch-down/,internal,services/residential/torch-down/index.html,ok
youtube/index.html,/#estimate,internal,index.html,ok
youtube/index.html,/services/residential/silicone/,internal,services/residential/silicone/index.html,ok
youtube/index.html,/contact/,internal,contact/index.html,ok
youtube/index.html,/services/roof-repairs/roof-leak-repair/,internal,services/roof-repairs/roof-leak-repair/index.html → /services/,REWRITE_SUGGESTED
youtube/index.html,/#estimate,internal,index.html,ok
youtube/index.html,/services/roof-replacement/pitched-roof/,internal,services/roof-replacement/pitched-roof/index.html,ok
youtube/index.html,/#estimate,internal,index.html,ok
youtube/index.html,/services/roof-repairs/tile-roof-repair/,internal,services/roof-repairs/tile-roof-repair/index.html,ok
youtube/index.html,/contact/,internal,contact/index.html,ok
youtube/index.html,/#estimate,internal,index.html,ok
youtube/index.html,/contact/,internal,contact/index.html,ok
